order,case,arm,run_index
0,C2,A0,7
1,C2,AD,2
2,C3,A0,9
3,C4,APD-stop,4
4,C2,A0,8
5,C4,APD-stop,9
6,C1,APD,3
7,C1,A0,4
8,C4,AD-stop,4
9,C2,APD,9
10,C4,AD-write,5
11,C2,A0,1
12,C4,APD-write,1
13,C2,AD,5
14,C4,AD-stop,0
15,C2,AP,0
16,C1,AP,4
17,C5,AP,3
18,C3,AD,4
19,C5,AP,6
20,C5,AP,0
21,C2,APD,8
22,C1,A0,1
23,C2,A0,9
24,C2,AD,9
25,C4,APD-stop,3
26,C3,A0,0
27,C2,A0,4
28,C4,AP,1
29,C4,AD-stop,9
30,C3,AP,0
31,C2,AP,9
32,C5,A0,2
33,C3,AD,7
34,C2,APD,3
35,C4,APD-stop,2
36,C3,AD,9
37,C2,AP,6
38,C2,AD,4
39,C2,APD,4
40,C2,APD,5
41,C2,AP,2
42,C4,AD-write,2
43,C2,APD,6
44,C4,APD-write,9
45,C1,APD,1
46,C4,APD-stop,6
47,C5,A0,8
48,C5,A0,5
49,C2,A0,2
50,C4,A0,7
51,C4,A0,0
52,C1,APD,0
53,C4,APD-stop,5
54,C4,AD-stop,6
55,C1,AP,9
56,C1,AD,9
57,C3,APD,2
58,C4,APD-write,4
59,C3,A0,6
60,C3,A0,1
61,C2,AD,7
62,C4,APD-stop,7
63,C3,A0,7
64,C4,APD-write,6
65,C5,AP,1
66,C5,A0,6
67,C4,APD-write,3
68,C1,APD,6
69,C2,APD,2
70,C5,AP,4
71,C4,AD-stop,7
72,C4,AD-write,7
73,C1,AP,6
74,C1,AD,2
75,C1,APD,2
76,C5,A0,7
77,C4,A0,1
78,C5,A0,3
79,C3,APD,6
80,C4,AP,0
81,C4,AP,9
82,C5,AP,7
83,C3,AD,5
84,C4,AP,7
85,C4,AP,2
86,C3,A0,2
87,C1,APD,9
88,C1,A0,5
89,C4,APD-stop,0
90,C4,AD-write,3
91,C3,AP,7
92,C1,APD,7
93,C3,AP,4
94,C1,A0,7
95,C4,APD-write,7
96,C3,AD,3
97,C4,AP,8
98,C1,A0,6
99,C2,A0,6
100,C1,AD,6
101,C3,APD,9
102,C5,AP,2
103,C1,AD,4
104,C1,AP,8
105,C4,AD-write,6
106,C4,A0,4
107,C2,AD,0
108,C2,AD,8
109,C5,A0,9
110,C4,AP,4
111,C2,AD,1
112,C3,AP,6
113,C3,AP,1
114,C2,AP,5
115,C1,A0,0
116,C3,APD,4
117,C4,AP,5
118,C4,A0,8
119,C1,A0,9
120,C3,AP,9
121,C1,APD,5
122,C5,A0,1
123,C4,A0,6
124,C3,A0,5
125,C5,AP,9
126,C1,AD,8
127,C4,A0,9
128,C2,AP,4
129,C3,A0,8
130,C4,AD-stop,8
131,C4,AD-stop,2
132,C1,AD,3
133,C1,AP,0
134,C1,A0,8
135,C4,AD-write,9
136,C1,APD,4
137,C4,APD-write,8
138,C4,AD-write,4
139,C3,A0,3
140,C1,AP,7
141,C2,AP,8
142,C4,A0,2
143,C3,AD,2
144,C3,APD,7
145,C5,A0,4
146,C3,APD,8
147,C3,A0,4
148,C3,AD,0
149,C4,APD-write,0
150,C1,AD,7
151,C3,AD,8
152,C2,AP,3
153,C2,A0,5
154,C3,APD,1
155,C4,AD-write,1
156,C2,AP,7
157,C3,AP,2
158,C2,AD,6
159,C4,APD-stop,1
160,C3,AP,3
161,C2,AP,1
162,C1,AP,2
163,C5,A0,0
164,C1,AD,0
165,C1,A0,2
166,C2,APD,0
167,C3,AD,6
168,C2,APD,1
169,C4,AD-stop,5
170,C4,APD-write,2
171,C4,AP,3
172,C2,A0,3
173,C1,AP,3
174,C3,AP,8
175,C1,APD,8
176,C2,APD,7
177,C1,AP,5
178,C5,AP,8
179,C2,A0,0
180,C1,AD,1
181,C4,APD-stop,8
182,C3,AD,1
183,C4,AD-stop,3
184,C4,AD-write,0
185,C4,AD-write,8
186,C2,AD,3
187,C4,AD-stop,1
188,C4,AP,6
189,C4,A0,5
190,C5,AP,5
191,C3,APD,3
192,C4,A0,3
193,C1,A0,3
194,C3,APD,5
195,C3,APD,0
196,C1,AP,1
197,C3,AP,5
198,C1,AD,5
199,C4,APD-write,5
